month,steps,calories_burned,distance_km,sleep_hours,heart_rate_avg,weather_conditions,mood
January,14871.329818263406,2736.7918622391744,9.995530625981603,6.091474085707875,119.6982275072919,Fog,Stressed
February,14904.857249626308,2749.135553064275,9.983111609367214,6.009417040358744,119.80119581464874,Clear,Stressed
March,14821.90091116173,2746.0165831435083,10.0300569476082,6.07633257403189,119.23530751708428,Rain,Neutral
April,14950.452742123687,2767.3010781796966,10.036928821470244,6.008728121353559,119.79836639439907,Fog,Happy
May,14601.577872531418,2757.0991225314183,10.026719030520646,6.0589991023339325,119.68447037701975,Fog,Stressed
June,14920.504580690627,2757.1817242189336,9.910852713178295,6.0530420483908856,119.3455485083392,Fog,Happy
July,14949.825207818467,2745.929366434509,9.909348461019995,5.968995731296338,119.56706358121771,Snow,Happy
August,14900.251614391143,2763.88065498155,9.956102398523987,6.066720479704797,119.49538745387454,Fog,Stressed
September,14572.386487964988,2759.4607713347923,10.06207056892779,5.993708971553611,119.4351750547046,Clear,Stressed
