month,steps,calories_burned,distance_km,sleep_hours,heart_rate_avg,weather_conditions,mood
January,15076.73382749326,2735.976736298293,10.128000898472596,5.957973944294699,120.22416891284816,Rain,Happy
February,15171.861451942741,2751.7046063394682,10.009240797546013,5.9308282208588965,120.08716768916156,Snow,Neutral
March,14983.949023130474,2748.7929216258703,9.954558724455424,5.9900516505726475,120.25151583202336,Rain,Neutral
April,15074.929292929293,2756.7798520084566,9.935386422363168,6.033098426121683,118.94221282593375,Fog,Stressed
May,14894.8592475068,2769.1781708975523,10.035095194922937,5.949478694469628,119.56731640979147,Clear,Happy
June,15063.018236380425,2762.904388273315,10.084817636195753,5.937650046168052,119.51315789473684,Fog,Neutral
July,15075.314703925482,2743.1148192503883,10.077804391217565,5.956930583277889,120.70614326901752,Rain,Neutral
August,15112.347384683293,2746.676526153167,10.033860075038623,6.090752593246524,119.3957183844626,Clear,Tired
September,15080.35606060606,2772.2860930735933,10.021295995670995,5.9995670995671,120.48024891774892,Snow,Stressed
