month,steps,calories_burned,distance_km,sleep_hours,heart_rate_avg,weather_conditions,mood
January,14763.599639314698,2749.0899729486023,9.923724075743912,5.936136158701533,120.25811541929666,Fog,Neutral
February,14952.481271562347,2733.884775751602,9.942459339576146,6.000911779201577,119.10078856579595,Fog,Neutral
March,15094.757370145064,2748.196389798783,9.986335985025736,6.086406176883481,120.26789892372484,Fog,Tired
April,14795.240264176726,2745.3757526759277,10.135162833067639,5.970507856980187,119.40833523115464,Snow,Happy
May,15121.474534440207,2751.6371752299756,10.0336414628674,6.1028494503028945,119.91249719542293,Snow,Happy
June,15143.455504917247,2743.41925401775,9.95018469656992,6.008587191172943,119.313504437515,Rain,Stressed
July,14911.379278868097,2746.747314011867,9.861818804198995,6.01743496120493,120.01939753537198,Clear,Stressed
August,15045.411341134113,2758.2836701170118,10.00857110711071,5.978555355535554,118.84788478847885,Clear,Tired
September,15040.321810699588,2756.0424362139916,10.149786008230453,5.944691358024691,119.34951989026064,Rain,Neutral
