month,steps,calories_burned,distance_km,sleep_hours,heart_rate_avg,weather_conditions,mood
January,15249.750907441015,2763.2908870235938,10.028146551724138,6.016583484573502,119.38067150635209,Clear,Neutral
February,15145.355856966708,2751.104313193588,9.936157829839704,5.938742293464858,118.73020961775586,Snow,Stressed
March,14962.601251676353,2751.335677246312,9.848884666964686,5.9626508717031745,119.08225301743407,Fog,Happy
April,14834.888252148998,2762.490305635148,10.023901623686724,5.984407831900668,119.77148997134671,Fog,Stressed
May,15031.244290192566,2746.3785579937307,10.039312583967757,6.088602776533811,118.8358710255262,Clear,Tired
June,15112.296218487394,2768.534477124183,10.010571895424837,6.0850606909430445,119.51307189542484,Snow,Happy
July,15193.4823158369,2779.4415431403468,9.950840279342193,5.993084027934219,119.33025456183825,Snow,Happy
August,15161.70821980018,2735.6955086285193,10.0474931880109,6.065190735694823,120.2683923705722,Snow,Happy
September,15247.229379418695,2750.5717858078033,9.950109976433621,5.89630793401414,118.91516103692067,Fog,Neutral
