month,steps,calories_burned,distance_km,sleep_hours,heart_rate_avg,weather_conditions,mood
January,14935.205013428827,2748.196389883617,10.04094897045658,6.0099373321396605,118.72985675917637,Fog,Stressed
February,14947.225635859984,2741.286592797784,10.116512213548225,6.049005288340468,119.07353311508436,Rain,Tired
March,14824.653292629742,2755.078486698648,10.026923244657654,5.938421282163104,118.9291321412996,Rain,Neutral
April,15074.455581395348,2753.263062790698,9.879988372093022,6.0529534883720935,118.17046511627908,Fog,Happy
May,14957.248101265823,2778.0558757192175,10.012089758342922,5.99873417721519,119.79378596087457,Rain,Stressed
June,14942.145813953488,2748.6491860465117,10.06336511627907,6.046837209302326,118.68604651162791,Clear,Neutral
July,14951.865969802555,2750.474025551684,9.838522648083623,5.998350754936121,120.73937282229966,Fog,Stressed
August,14894.495356738393,2757.5113114382784,10.033723669309174,5.950577576443941,119.41789354473386,Clear,Tired
September,14736.37005117156,2745.7919849178566,10.044828979262052,6.038270939940748,118.95152168058173,Clear,Happy
