month,steps,calories_burned,distance_km,sleep_hours,heart_rate_avg,weather_conditions,mood
January,15018.07979821142,2741.5656110983723,9.901951387296492,5.97784911717496,119.02568218298555,Fog,Tired
February,15009.055344958302,2745.426393732626,10.123957543593631,5.917690169320192,119.44301238311853,Snow,Neutral
March,14951.347816144524,2757.525682597759,9.943805168076835,5.961445232106106,119.60827806997484,Fog,Stressed
April,14884.309052333805,2746.454049976426,9.872173503064593,5.997100424328147,120.27251296558227,Clear,Neutral
May,15126.152263374486,2746.903283036123,10.051877000457248,5.938820301783265,118.06995884773663,Fog,Tired
June,15277.96394120349,2745.6072002756086,10.036380339917319,5.995728066146073,119.60679834634819,Clear,Neutral
July,14900.588443657294,2740.881549701129,9.924485277839274,6.035200354217401,119.723046269648,Snow,Happy
August,15154.600813743218,2749.914762658228,9.892029837251355,5.982775768535262,119.65212477396021,Rain,Tired
September,14990.942925404832,2752.1181099017786,9.887916113618264,6.105335810990177,119.370055747279,Fog,Stressed
